ID Pedido;Data do Pedido;Data Entrada no Sankhya;Cliente;Vlr. Pago;Endereço de Entrega;Foi faturado?;Teve  Corte?;Nro.Nota;Status;Data do Envio;Transportadora;Descrição Rota;Data de Entrega Prevista;Status - Entrega;OBS Status;OBS
806366;01/07/2025;01/07/2025;CSP SATO SUPERMERCADO LTDA;4,131.00;Av-Cont AVENIDA RAIMUNDO PEREIRA DE MAGALHAES, 2541, JARDIM IRIS, SAO PAULO - SP;Sim;Sim;6200;Finalizada OK;07/01/2025;TRANSTECH TRANSPORTES E LOGISTICA S.A.;16535295665/7 - OSASCO/7051;07/08/2025;ENTREGUE SL - 04/07/2025;;
806998;01/07/2025;01/07/2025;HORTIFRUTI PIRAPORINHA LTDA;322.88;AVENIDA INACIO DIAS DA SILVA, 144, JARDIM SANTA EDWIGES (CAPELA DO SOCORRO), SAO PAULO - SP;Sim;Não;6208;Finalizada OK;07/02/2025;TRANSTECH TRANSPORTES E LOGISTICA S.A.;16535295649/8 - ITAPECERICA/8012;07/08/2025;ENTREGUE SL - 07/07/2025;;
807375;01/07/2025;01/07/2025;MERCADO GLOBAL;1,125.50;;Sim;Não;6207;Finalizada OK;07/02/2025;LOGOS LOGISTICA E TRANSPORTES PLANEJADOS LTDA.;16535295579/6 - JAÇANÃ/6114;;;;Onde está a mercadoria?
807377;01/07/2025;01/07/2025;MAC - COMERCIO DE PANIFICACAO LTDA;432.56;Rua Teixeira da Silva, 440, PARAISO, SAO PAULO - SP;Sim;Sim;6209;Finalizada OK;07/02/2025;TRANSTECH TRANSPORTES E LOGISTICA S.A.;16535295649/8 - ITAPECERICA/8115;07/08/2025;ENTREGUE SL - 08/07/2025;;
807474;01/07/2025;01/07/2025;SUPERMERCADO CENTRAL JUNDIAI LJ03 LTDA;348.48;;Sim;Sim;6204;Finalizada OK;07/02/2025;ANTONIO CANDIDO DE OLIVEIRA LTDA;16530763164/14 - ATIBAIA/9905;;;;Onde está a mercadoria?
807960;02/07/2025;02/07/2025;MERCADINHO CENTRAL DE SAO MATEUS LTDA;912.60;AVENIDA MATEO BEI, 1925, CIDADE SAO MATEUS, SAO PAULO - SP;Sim;Não;6214;Finalizada OK;07/03/2025;LOGOS LOGISTICA E TRANSPORTES PLANEJADOS LTDA.;16535295579/12 - S BERNARD/1211;07/09/2025;ENTREGUE SL - 10/07/2025;;
807978;02/07/2025;02/07/2025;SACOLAO E MERCEARIA STILO VIP;495.48;Av-Cont AVENIDA DOS OURIVES, 623, JARDIM SAO SAVERIO, SAO PAULO - SP;Sim;Não;6215;Finalizada OK;07/03/2025;LOGOS LOGISTICA E TRANSPORTES PLANEJADOS LTDA.;16535295579/12 - S BERNARD/1212;07/09/2025;ENTREGUE SL - 08/07/2025;;
808080;02/07/2025;02/07/2025;TIETE SUPERMERCADO;1,264.68;;Sim;Não;6217;Finalizada OK;07/03/2025;FPA DA SILVA  TRANSPORTES;16535295579/6 - ITAQUA/6125;07/10/2025;ENTREGUE SL - 11/07/2025;;
808140;02/07/2025;02/07/2025;AGUIAR SUPERMERCADO;307.58;;Sim;Sim;6218;Finalizada OK;02/07/2025;ANTONIO CANDIDO DE OLIVEIRA LTDA;16535295649/5 - SUMARE/5003;;entregue;;Qual dia da entrega?
809730;03/07/2025;03/07/2025;IMPORIUM POCAZIDEIA;333.60;Av-Cont AVENIDA ANTONIO RAMOS JUNIOR, 374, JARDIM GUANHEMBU, SAO PAULO - SP;Sim;Sim;6223;Finalizada OK;07/04/2025;TRANSTECH TRANSPORTES E LOGISTICA S.A.;16535295649/8 - ITAPECERICA/8032;07/09/2025;ENTREGUE SL - 07/07/2025;;
809889;03/07/2025;03/07/2025;MERCADO BOM PASTOR;401.58;ESTRADA DO PEQUIA, 2190, VILA SILVIANIA, CARAPICUIBA - SP;Sim;Sim;6221;Finalizada OK;07/04/2025;TRANSTECH TRANSPORTES E LOGISTICA S.A.;16535295665/7 - OSASCO/7031;07/10/2025;ENTREGUE SL - 08/07/2025;;
809902;03/07/2025;03/07/2025;MERCADINHO W & R LTDA;348.66;R RUA DAVIDE PEREZ, 1188, JARDIM BANDEIRANTES, SAO PAULO - SP;Sim;Sim;6220;Finalizada OK;07/04/2025;LOGOS LOGISTICA E TRANSPORTES PLANEJADOS LTDA.;16535295579/12 - S BERNARD/1217;7/15/2025;ENTREGUE SL - 11/07/2025;;
809929;03/07/2025;03/07/2025;MERCADINHO BOM PRECO;580.14;AVENIDA ERICO VERISSIMO (JD RECANTO DAS ROSAS), 433, SANTA MARIA, OSASCO - SP;Sim;Sim;6224;Finalizada OK;07/04/2025;TRANSTECH TRANSPORTES E LOGISTICA S.A.;16535295665/7 - OSASCO/7044;7/16/2025;ENTREGUE SL - 16/07/2025;;
809955;03/07/2025;03/07/2025;CASA DE CARNES SIQUEIRA;21,008.10;Sem Getulio Vargas, 706, CALMON VIANA, POA - SP;Sim;Sim;6227;Finalizada OK;07/04/2025;FPA DA SILVA  TRANSPORTES;16535295579/6 - ITAQUA/6122;07/08/2025;ENTREGUE SL - 07/07/2025;;
809966;03/07/2025;03/07/2025;SP REDENTOR LTDA;330.48;Est ESTRADA DA AGUA ESPRAIADA, 2964, CHACARA TROPICAL (CAUCAIA DO ALTO), COTIA -;Sim;Sim;6225;Finalizada OK;07/04/2025;TRANSTECH TRANSPORTES E LOGISTICA S.A.;16535295665/7 - OSASCO/7088;;;;Onde está a mercadoria?
810220;03/07/2025;03/07/2025;MERCADO MATOS;385.56;RUA DO CRISTAL, 82, REFUGIO DOS BANDEIRANTES, SANTANA DE PARNAIBA - SP;Sim;Sim;6226;Finalizada OK;07/04/2025;TRANSTECH TRANSPORTES E LOGISTICA S.A.;16535295665/7 - OSASCO/7010;07/10/2025;ENTREGUE SL - 14/07/2025;;
810263;03/07/2025;03/07/2025;MERCADO VILAREJO;327.88;R RUA MAJOR JOSE MARIOTO FERREIRA, 412, PARAISOPOLIS, SAO PAULO - SP;Sim;Sim;6222;Finalizada OK;07/04/2025;TRANSTECH TRANSPORTES E LOGISTICA S.A.;16535295649/8 - ITAPECERICA/8062;07/09/2025;ENTREGUE SL - 07/07/2025;;
810329;04/07/2025;04/07/2025;MERCADINHO VILA MARIETA LTDA;316.44;;Sim;Não;6232;Finalizada OK;04/07/2025;LOGOS LOGISTICA E TRANSPORTES PLANEJADOS LTDA.;16535295579/6 - ITAQUA/6105;;;;Onde está a mercadoria?
810394;04/07/2025;04/07/2025;CASA DE CARNES SIQUEIRA;1,891.26;;Sim;Sim;6238;Finalizada OK;04/07/2025;FPA DA SILVA  TRANSPORTES;16535295579/6 - ITAQUA/6122;;;;Onde está a mercadoria?
810605;04/07/2025;04/07/2025;SETE DIAS SACOLAO LTDA;604.80;R RUA ESTER, 448, VILA ALPINA, SANTO ANDRE ;Sim;Não;6234;Finalizada OK;07/07/2025;LOGOS LOGISTICA E TRANSPORTES PLANEJADOS LTDA.;16535295579/12 - S BERNARD/1202;7/15/2025;ENTREGUE SL - 14/07/2025;;
810806;04/07/2025;04/07/2025;NOVA HEITOR MERCADINHOS EIRELI;705.50;R RUA HEITOR PENTEADO, 1581, SUMAREZINHO, SAO PAULO - SP;Sim;Sim;6241;Finalizada OK;07/07/2025;TRANSTECH TRANSPORTES E LOGISTICA S.A.;16535295665/7 - OSASCO/7092;7/22/2025;ENTREGUE SL - 23/07/2025;;
810884;04/07/2025;04/07/2025;STOP LIGHT MAIS;944.33;;Sim;Sim;6237;Finalizada OK;04/07/2025;ANTONIO CANDIDO DE OLIVEIRA LTDA;16535295649/5 - SUMARE/5006;;Devolvido;;Onde está a mercadoria?
811018;05/07/2025;05/07/2025;MINI MERCADO FLOR DE LOTUS LTDA;413.10;ESTRADA HENRIQUE ROSA (JD TUPA), 494, DOS FINCO, SAO BERNARDO DO CAMPO - SP;Sim;Não;6235;Finalizada OK;07/07/2025;LOGOS LOGISTICA E TRANSPORTES PLANEJADOS LTDA.;16535295579/12 - S BERNARD/1201;07/11/2025;ENTREGUE SL - 11/07/2025;;
811082;05/07/2025;05/07/2025;F H L ENOVACAO SUPERMECADO;302.94;;Sim;Sim;6240;Finalizada OK;07/07/2025;TRANSTECH TRANSPORTES E LOGISTICA S.A.;16535295665/7 - OSASCO/7031;;;;Onde está a mercadoria?
811113;05/07/2025;05/07/2025;EMPORIO RT CARVALHO LTDA;502.92;;Sim;Sim;6230;Finalizada OK;05/07/2025;FPA DA SILVA  TRANSPORTES;16535295579/6 - ITAQUA/6117;;;;Onde está a mercadoria?
811195;06/07/2025;06/07/2025;GOLD PRIME SUPERMERCADO LTDA;605.88;;Sim;Não;6233;Finalizada OK;06/07/2025;LOGOS LOGISTICA E TRANSPORTES PLANEJADOS LTDA.;16535295579/6 - ITAQUA/6113;;;;Onde está a mercadoria?
811209;06/07/2025;06/07/2025;MERCADINHO VILA ROMANA LTDA;471.94;R RUA CAMBURIU, 105, VILA IPOJUCA, SAO PAULO - SP;Sim;Não;6239;Finalizada OK;07/07/2025;TRANSTECH TRANSPORTES E LOGISTICA S.A.;16535295665/7 - OSASCO/7090;7/22/2025;ENTREGUE SL - 22/07/2025;;
811434;07/07/2025;07/07/2025;R & M COMERCIO LTDA;329.90;;Sim;Sim;6236;Finalizada OK;07/07/2025;ANTONIO CANDIDO DE OLIVEIRA LTDA;16535295649/5 - SUMARE/5010;7/18/2025;DEVOLVIDO;;Cancelada pelo Cliente.
811485;07/07/2025;07/07/2025;MERCADO PRIMARANO;307.89;;Sim;Sim;6250;Finalizada OK;07/07/2025;TRANSTECH TRANSPORTES E LOGISTICA S.A.;16535295665/7 - OSASCO/7042;7/18/2025;DEVOLVIDO;;Cancelada pelo Cliente.
811488;07/07/2025;07/07/2025;FRANCISCA OZELITA PEREIRA GREGORIO 51419890387;350.26;R CACAO, 186, JARDIM SAO CARLOS, ITAPEVI - SP;Sim;Sim;6251;Finalizada OK;07/08/2025;TRANSTECH TRANSPORTES E LOGISTICA S.A.;16535295665/7 - OSASCO/7020;7/22/2025;ENTREGUE SL - 22/07/2025;;
811516;07/07/2025;07/07/2025;GERSON LUIZ ARROIO 11899074880;302.92;R DIGITALIS, 202, PARQUE SAVOY CITY, SAO PAULO - SP;Sim;Sim;6244;Finalizada OK;07/08/2025;LOGOS LOGISTICA E TRANSPORTES PLANEJADOS LTDA.;16535295579/6 - ITAQUA/6104;7/15/2025;ENTREGUE SL - 15/07/2025;;
811526;07/07/2025;07/07/2025;HELENA SILVA RIBEIRO ALVES;467.28;;Sim;Não;6245;Finalizada OK;07/08/2025;ANTONIO CANDIDO DE OLIVEIRA LTDA;16530763164/14 - ATIBAIA/9906;;;;
811532;07/07/2025;07/07/2025;M. DAS D. DO NASCIMENTO - MERCEARIA;317.82;Avenida Mauro Marques da Silva, 27, VILA ANTONIO, SAO PAULO - SP;Sim;Não;6248;Finalizada OK;07/08/2025;TRANSTECH TRANSPORTES E LOGISTICA S.A.;16535295649/8 - ITAPECERICA/8060;07/11/2025;ENTREGUE SL - 11/07/2025;;
811612;07/07/2025;07/07/2025;FRUTARIA MARAJOARA LTDA;330.48;Sem Nossa Senhora do Sabara, 1000, VILA ISA, SAO PAULO - SP;Sim;Sim;6252;Finalizada OK;07/08/2025;LOGOS LOGISTICA E TRANSPORTES PLANEJADOS LTDA.;16535295579/12 - S BERNARD/1218;7/15/2025;ENTREGUE SL - 14/07/2025;;
811642;07/07/2025;07/07/2025;SERV 7 SUPERMERCADO LTDA;551.30;Sem AVENIDA ARQ VILANOVA ARTIGAS, 1195, CONJUNTO HABITACIONAL TEOTONIO VILELA, SAO PAULO - SP;Sim;SIm;6246;Finalizada OK;07/08/2025;LOGOS LOGISTICA E TRANSPORTES PLANEJADOS LTDA.;16535295579/12 - S BERNARD/1210;7/15/2025;ENTREGUE SL - 14/07/2025;;
811870;07/07/2025;07/07/2025;CASA DE CARNES SIQUEIRA;7,796.28;Av-Cont AVENIDA GETULIO VARGAS, 706, CALMON VIANA, POA - SP;Sim;Sim;6243;Finalizada OK;07/08/2025;FPA DA SILVA  TRANSPORTES;16535295579/6 - ITAQUA/6122;7/15/2025;ENTREGUE SL - 12/07/2025;;
811891;06/07/2025;06/07/2025;MERCADINHO DA VILLA;334.80;R DAS UMBELIFERAS, 330, PARQUE DO LAGO, SAO PAULO - SP;Sim;Não;6247;Finalizada OK;07/08/2025;TRANSTECH TRANSPORTES E LOGISTICA S.A.;16535295649/8 - ITAPECERICA/8014;7/15/2025;ENTREGUE SL - 11/07/2025;;
812280;08/07/2025;08/07/2025;LUCIA REGINA CORREA TOLOTTO LTDA;302.94;;Sim;Sim;6249;Finalizada OK;08/07/2025;TRANSTECH TRANSPORTES E LOGISTICA S.A.;16535295654/24 - SOROCABA/2490;;;;
812349;08/07/2025;08/07/2025;RB MINIMERCADO SOCIEDADE UNIPESSOAL LTDA;576.48;Sem AVENIDA FRANCESCO BIBIENA, 15, VILA LIVIERO, SAO PAULO - SP;Sim;Não;6253;Finalizada OK;07/10/2025;LOGOS LOGISTICA E TRANSPORTES PLANEJADOS LTDA.;16535295579/12 - S BERNARD/1212;7/17/2025;ENTREGUE SL - 15/07/2025;;
812392;08/07/2025;08/07/2025;MERCADINHO BOM GOSTO;301.35;SIMAO DA MATA, 312, VILA GUARANI, SAO PAULO - SP;Sim;Sim;6256;Finalizada OK;07/10/2025;TRANSTECH TRANSPORTES E LOGISTICA S.A.;16535295649/8 - ITAPECERICA/8116;7/16/2025;DEVOLVIDO;;
812393;08/07/2025;08/07/2025;CSP SATO SUPERMERCADO LTDA;353.94;Sem AVENIDA ITABERABA, 3845, ITABERABA, SAO PAULO - SP;Sim;Sim;6258;Finalizada OK;07/10/2025;TRANSTECH TRANSPORTES E LOGISTICA S.A.;16535295665/7 - OSASCO/7054;7/18/2025;ENTREGUE SL - 18/07/2025;;
812428;08/07/2025;08/07/2025;EMPORIO BRASILEIRO;716.04;R RUA DO HIPODROMO, 628, BRAS, SAO PAULO - SP;Sim;Sim;6261;Finalizada OK;07/10/2025;LOGOS LOGISTICA E TRANSPORTES PLANEJADOS LTDA.;16535295579/6 - ITAQUA/6112;7/16/2025;ENTREGUE SL - 15/07/2025;;
812725;08/07/2025;08/07/2025;TRES IRMAOS COSTA MINIMERCADO LTDA;1,825.20;Rua Soldado Toribio da Silva, 162, CONJUNTO HABITACIONAL MARECHAL MASCARENHAS DE, SAO PAULO - SP;Sim;Não;6255;Finalizada OK;07/10/2025;LOGOS LOGISTICA E TRANSPORTES PLANEJADOS LTDA.;16535295579/12 - S BERNARD/1210;7/17/2025;ENTREGUE SL - 15/07/2025;;
812800;09/07/2025;09/07/2025;DANY COMERCIAL;424.14;Sem PRACA QUATORZE BIS, 26, BELA VISTA, SAO PAULO - SP;Sim;Sim;6259;Finalizada OK;07/10/2025;TRANSTECH TRANSPORTES E LOGISTICA S.A.;16535295665/7 - OSASCO/7096;7/18/2025;ENTREGUE SL - 16/07/2025;;
812814;09/07/2025;09/07/2025;MINIMERCADO CENTRAL DO JARDIM LTDA;343.98;;Sim;Sim;6260;Finalizada OK;09/07/2025;LOGOS LOGISTICA E TRANSPORTES PLANEJADOS LTDA.;16535295579/6 - JAÇANÃ/6106;;;;Onde está a mercadoria?
812965;09/07/2025;09/07/2025;MERCADINHO MENEZES SANTOS;301.24;Avenida Prefeito Paulo Lauro, 399, JARDIM EDDA, SAO PAULO - SP;Sim;Sim;6257;Finalizada OK;07/12/2025;TRANSTECH TRANSPORTES E LOGISTICA S.A.;16535295649/8 - ITAPECERICA/8041;7/16/2025;ENTREGUE SL - 17/07/2025;;
812966;09/07/2025;09/07/2025;SUPERMERCADO BIG MORAES LTDA;333.62;Av-Cont AVENIDA DO CURSINO, 3731, SAUDE, SAO PAULO - SP;Sim;Não;6254;Finalizada OK;07/10/2025;LOGOS LOGISTICA E TRANSPORTES PLANEJADOS LTDA.;16535295579/12 - S BERNARD/1212;7/17/2025;ENTREGUE SL - 17/07/2025;;
813080;08/07/2025;08/07/2025;MILONI & XAVIER MERCADOS LTDA;517.64;;Sim;Sim;6370;Finalizada OK;08/07/2025;ANTONIO CANDIDO DE OLIVEIRA LTDA;16530763164/14 - ATIBAIA/9905;;;;Onde está a mercadoria?
813233;10/07/2025;10/07/2025;MERCADINHO BOM PRECO;426.00;AVENIDA ERICO VERISSIMO (JD RECANTO DAS ROSAS), 433, SANTA MARIA, OSASCO - SP;Sim;Sim;6266;Finalizada OK;07/11/2025;TRANSTECH TRANSPORTES E LOGISTICA S.A.;16535295665/7 - OSASCO/7044;7/21/2025;ENTREGUE SL - 16/07/2025;;
813247;10/07/2025;10/07/2025;MERCADO SILVINA 2;698.34;Av-Cont AVENIDA MOINHO FABRINI, 421, INDEPENDENCIA, SAO BERNARDO DO CAMPO - SP;Sim;Sim;6262;Finalizada OK;07/11/2025;LOGOS LOGISTICA E TRANSPORTES PLANEJADOS LTDA.;16535295579/12 - S BERNARD/1201;7/22/2025;ENTREGUE SL - 23/07/2025;;
813264;10/07/2025;10/07/2025;COM DE HORTIFRUTIGRAN PAULA FERREIRA LT;1,074.24;R ENGENHO DA SERRA, 27, V P CERCA, SAO PAULO - SP;Sim;Sim;6264;Finalizada OK;07/11/2025;TRANSTECH TRANSPORTES E LOGISTICA S.A.;16535295665/7 - OSASCO/7050;7/22/2025;ENTREGUE SL - 18/07/2025;;
813272;10/07/2025;10/07/2025;HONORATO SUPERMERCADOS;435.84;;Sim;Sim;6267;Finalizada OK;10/07/2025;TRANSTECH TRANSPORTES E LOGISTICA S.A.;16535295659/27 - PIRASSUNU/2715;;;;Onde está a mercadoria?
813290;10/07/2025;10/07/2025;CUMBICA COMERCIO DE ALIMENTOS LTDA;1,239.30;;Sim;Sim;6263;Finalizada OK;10/07/2025;FPA DA SILVA  TRANSPORTES;16535295579/6 - JAÇANÃ/6120;;;;Onde está a mercadoria?
813478;11/07/2025;11/07/2025;MERCADO RENDY LTDA;547.90;Estrada CANAL DE COCAIA, 2838, JARDIM GAIVOTA, SAO PAULO - SP;Sim;Sim;6282;Finalizada OK;7/14/2025;TRANSTECH TRANSPORTES E LOGISTICA S.A.;16535295649/8 - ITAPECERICA/8041;7/21/2025;ENTREGUE SL - 18/07/2025;;
813551;11/07/2025;11/07/2025;SUPERMERCADO PARQUE MARIA DOMITILA LTDA;306.00;Rua WILLIS ROBERTO BANKS, 91, PARQUE MARIA DOMITILA, SAO PAULO - SP;Sim;Sim;6271;Finalizada OK;07/11/2025;TRANSTECH TRANSPORTES E LOGISTICA S.A.;16535295665/7 - OSASCO/7051;7/22/2025;ENTREGUE SL - 18/07/2025;;
813576;11/07/2025;11/07/2025;CS NASCIMENTO MERCEARIA E ADEGA;384.40;;Sim;Sim;6277;Finalizada OK;11/07/2025;ANTONIO CANDIDO DE OLIVEIRA LTDA;16530763164/14 - ATIBAIA/9904;;;;
813598;11/07/2025;11/07/2025;MERCADINHO MANA LTDA;572.40;R RUA PELEGRINO VARANI, 236, JARDIM PATENTE, SAO PAULO - SP;Sim;Sim;6278;Finalizada OK;7/14/2025;LOGOS LOGISTICA E TRANSPORTES PLANEJADOS LTDA.;16535295579/12 - S BERNARD/1205;7/22/2025;ENTREGUE SL - 21/07/2025;;
813689;11/07/2025;11/07/2025;GP PANORAMA MERCADO LTDA;841.50;R RUA PANORAMA, 345, JARDIM SANTO EDUARDO, EMBU DAS ARTES - SP;Sim;Sim;6284;Finalizada OK;7/14/2025;TRANSTECH TRANSPORTES E LOGISTICA S.A.;16535295649/8 - ITAPECERICA/8000;7/21/2025;ENTREGUE SL - 19/07/2025;;
813759;12/07/2025;12/07/2025;CASA DE CARNES SIQUEIRA;3,664.29;;Sim;Sim;6275;Finalizada OK;7/14/2025;FPA DA SILVA  TRANSPORTES;16535295579/6 - ITAQUA/6122;7/21/2025;ENTREGUE SL - 21/07/2025;;
813766;12/07/2025;12/07/2025;CSP SATO SUPERMERCADO LTDA;2,167.50;;Sim;Sim;6285;Finalizada OK;7/14/2025;TRANSTECH TRANSPORTES E LOGISTICA S.A.;16535295665/7 - OSASCO/7051;7/21/2025;ENTREGUE SL - 21/07/2025;;
813767;12/07/2025;12/07/2025;MERCEARIA LAMEDE LTDA;375.08;R RUA TRES MARIAS, 915, PARQUE NOVO SANTO AMATO, SAO PAULO - SP;Sim;Sim;6281;Finalizada OK;7/14/2025;TRANSTECH TRANSPORTES E LOGISTICA S.A.;16535295649/8 - ITAPECERICA/8013;7/21/2025;ENTREGUE SL - 18/07/2025;;
813891;12/07/2025;12/07/2025;MERCADO BOM PASTOR;321.90;;Cancelado;;;Cancelado;12/07/2025;TRANSTECH TRANSPORTES E LOGISTICA S.A.;16535295665/7 - OSASCO/7031;;Sem produtos disponíveis;;
813892;12/07/2025;12/07/2025;EMPORIO RT CARVALHO LTDA;331.50;;Sim;Não;6273;Finalizada OK;12/07/2025;FPA DA SILVA  TRANSPORTES;16535295579/6 - ITAQUA/6117;;;;Onde está a mercadoria?
813893;12/07/2025;12/07/2025;MERCADO SILVINO;396.84;Estrada do Capuava, 1877, JARDIM BELIZARIO, COTIA - SP;Sim;Sim;6272;Finalizada OK;7/14/2025;TRANSTECH TRANSPORTES E LOGISTICA S.A.;16535295665/7 - OSASCO/7097;7/22/2025;ENTREGUE SL - 18/07/2025;;
813904;12/07/2025;12/07/2025;PADARIA , MINIMERCADO E SACOLAO BAHIA;474.87;ALAMEDA CARLOS MARCHAIS, 17, PARQUE DO LAGO, SAO PAULO - SP;Sim;Sim;6283;Finalizada OK;7/17/2025;TRANSTECH TRANSPORTES E LOGISTICA S.A.;16535295649/8 - ITAPECERICA/8014;7/21/2025;ENTREGUE SL - 17/07/2025;;
813980;13/07/2025;13/07/2025;SETE DIAS SACOLAO LTDA;841.50;R RUA ESTER, 448, VILA ALPINA, SANTO ANDRE - SP;Sim;Sim;6279;Finalizada OK;7/14/2025;LOGOS LOGISTICA E TRANSPORTES PLANEJADOS LTDA.;16535295579/12 - S BERNARD/1202;7/22/2025;ENTREGUE SL - 22/07/2025;;
814052;13/07/2025;13/07/2025;MERCADO ECONOMICO;969.20;;Sim;Sim;6280;Finalizada OK;7/14/2025;TRANSTECH TRANSPORTES E LOGISTICA S.A.;16535295649/8 - ITAPECERICA/8062;7/21/2025;ENTREGUE SL - 18/07/2025;;
814183;14/07/2025;14/07/2025;SUPERMERCADO TESCO;493.68;R RUA ITAJUBAQUARA, 601, PARAISOPOLIS, SAO PAULO - SP;Sim;Sim;6289;Finalizada OK;7/15/2025;LOGOS LOGISTICA E TRANSPORTES PLANEJADOS LTDA.;16535295579/6 - JAÇANÃ/6113;7/21/2025;ENTREGUE SL - 18/07/2025;;
814303;14/07/2025;14/07/2025;MARIA APARECIDA LIMA MARQUES UTILIDADES;326.58;R MODESTO SALERA, 59, JARDM THELMA, SAO BERNARDO DO CAMPO - SP;Sim;Sim;6291;Finalizada OK;7/15/2025;LOGOS LOGISTICA E TRANSPORTES PLANEJADOS LTDA.;16535295579/12 - S BERNARD/1201;7/22/2025;ENTREGUE SL - 21/07/2025;;
814341;14/07/2025;14/07/2025;ROYAL EXPRESS COMERCIO DE PRODUTOS DE HIGIENE LTDA.;313.28;R RUA PEDRO DE TOLEDO, 458, VILA CLEMENTINO, SAO PAULO - SP;Sim;Sim;6292;Finalizada OK;7/15/2025;TRANSTECH TRANSPORTES E LOGISTICA S.A.;16535295649/8 - ITAPECERICA/8115;7/21/2025;ENTREGUE SL - 21/07/2025;;
814342;14/07/2025;14/07/2025;MERCEARIA W CAMARGO LTDA;553.50;;Sim;Sim;6287;Finalizada OK;7/15/2025;LOGOS LOGISTICA E TRANSPORTES PLANEJADOS LTDA.;16535295579/6 - ITAQUA/6113;7/21/2025;ENTREGUE SL - 21/07/2025;;
814427;14/07/2025;14/07/2025;13.519.982 MARIA DOS REMEDIOS SANTOS DE DEUS;328.08;RUA TURUMANS, 304, COHAB SETOR B, ITAPEVI - SP;Sim;Sim;6290;Finalizada OK;7/15/2025;TRANSTECH TRANSPORTES E LOGISTICA S.A.;16535295665/7 - OSASCO/7020;7/22/2025;ENTREGUE SL - 23/07/2025;;
814437;15/07/2025;15/07/2025;CASA DE CARNES SIQUEIRA;6,176.25;;Sim;Sim;6286;Finalizada OK;7/15/2025;FPA DA SILVA  TRANSPORTES;16535295579/6 - ITAQUA/6122;;;;Onde está a mercadoria?
814614;15/07/2025;15/07/2025;SACOLAO CAMPANARIO LTDA;313.23;;Sim;Sim;6299;Finalizada OK;7/17/2025;LOGOS LOGISTICA E TRANSPORTES PLANEJADOS LTDA.;16535295579/12 - S BERNARD/1204;7/24/2025;DEVOLVIDO - 23/07/2025;;"""o mesmo fez o cancelamento da nota desistindo da compra"""
814626;15/07/2025;15/07/2025;HORTIFRUTI DA PRACA;471.24;;Sim;Sim;6298;Finalizada OK;7/17/2025;TRANSTECH TRANSPORTES E LOGISTICA S.A.;16535295665/7 - OSASCO/7042;7/29/2025;ENTREGUE SL - 25/07/2025;;
814642;15/07/2025;15/07/2025;E.D. DA SILVA MERCEARIA LTDA;335.46;Rodovia JOAO FERREIRA DA SILVA, 3, JARDIM SANTA MARGARIDA, SAO PAULO - SP;Sim;Sim;6294;Finalizada OK;7/17/2025;TRANSTECH TRANSPORTES E LOGISTICA S.A.;16535295649/8 - ITAPECERICA/8014;7/21/2025;ENTREGUE SL - 21/07/2025;;
814666;15/07/2025;15/07/2025;COMERCIAL HOPE;1,634.88;R RUA AMERICANA, 295, VILA BELA VISTA, SANTO ANDRE - SP;Sim;Sim;6300;Finalizada OK;7/17/2025;LOGOS LOGISTICA E TRANSPORTES PLANEJADOS LTDA.;16535295579/12 - S BERNARD/1202;4/24/2025;ENTREGUE SL - 22/07/2025;;
814686;15/07/2025;15/07/2025;AGOSTINHO MERCADO E PADARIA LTDA;451.80;RUA CRISCIUMA, 1584, JARDIM BRASIL, SAO PAULO - SP;Sim;Sim;6295;Finalizada OK;7/17/2025;LOGOS LOGISTICA E TRANSPORTES PLANEJADOS LTDA.;16535295579/6 - ITAQUA/6114;7/23/2025;ENTREGUE SL - 22/07/2025;;
814771;16/07/2025;16/07/2025;MERCADO MARSOLA;353.88;;Sim;Sim;6297;Finalizada OK;7/17/2025;ANTONIO CANDIDO DE OLIVEIRA LTDA;16530763164/14 - ATIBAIA/9905;7/24/2025;entregue;;Qual dia da entrega?
814826;16/07/2025;16/07/2025;MERCADO BOA VISTA;431.64;;Sim;Sim;6296;Finalizada OK;7/17/2025;ANTONIO CANDIDO DE OLIVEIRA LTDA;16530763164/14 - ATIBAIA/9906;7/24/2025;entregue;;Qual dia da entrega?
814840;16/07/2025;16/07/2025;BRASIL JD DO LAGO;383.10;AV ANTONIO RAMIRO DA SILVA, 228, JARDIM DO LAGO, SAO PAULO - SP;Sim;Sim;6293;Finalizada OK;7/17/2025;TRANSTECH TRANSPORTES E LOGISTICA S.A.;16535295649/8 - ITAPECERICA/8061;7/23/2025;ENTREGUE SL - 21/07/2025;;
814897;16/07/2025;16/07/2025;JAKSANDRIO DOS SANTOS NERY 29761489884;493.68;;Cancelado;;;Cancelado;;FPA DA SILVA  TRANSPORTES;16535295579/6 - ITAQUA/6120;;;;Cancelado. Não há produtos disponíveis
815484;17/07/2025;17/07/2025;HUMBERTO ALEDO TOSTA 15354641861;300.12;;Cancelado;;;Cancelado;;LOGOS LOGISTICA E TRANSPORTES PLANEJADOS LTDA.;16535295579/6 - ITAQUA/6112;;;;Cancelado. Não há produtos disponíveis
815488;17/07/2025;17/07/2025;VERONICA DA SILVA MEDRADO 33667249861;355.80;R HOLDA BOTTO MALANCONI, 165, JARDIM DUPRAT, SAO PAULO - SP;Sim;Não;6309;Finalizada OK;7/18/2025;TRANSTECH TRANSPORTES E LOGISTICA S.A.;16535295649/8 - ITAPECERICA/8012;7/23/2025;ENTREGUE SL - 23/07/2025;;
815513;17/07/2025;17/07/2025;MINI MERCADO AIMORES LTDA.;572.40;Rua AIMORES, 526, VILA ALZIRA, SANTO ANDRE - SP;Sim;Sim;6315;Finalizada OK;7/18/2025;LOGOS LOGISTICA E TRANSPORTES PLANEJADOS LTDA.;16535295579/12 - S BERNARD/1202;7/24/2025;ENTREGUE SL - 22/07/2025;;
815590;17/07/2025;17/07/2025;SMART WAY SELF MARKET;306.25;;Sim;Sim;6318;Finalizada OK;7/18/2025;ANTONIO CANDIDO DE OLIVEIRA LTDA;16535295649/5 - SUMARE/5006;7/24/2025;;;Onde está a mercadoria?
815595;17/07/2025;17/07/2025;JNS DISTRIBUIDORA DE ALIMENTOS LTDA;2,937.87;;Sim;Não;6321;Finalizada OK;7/18/2025;LOGOS LOGISTICA E TRANSPORTES PLANEJADOS LTDA.;16535295579/6 - ITAQUA/6101;7/23/2025;;;Onde está a mercadoria?
815620;17/07/2025;17/07/2025;HELEN LUANA FONSECA 29447025803;390.84;R RUA PIRAPORA DO BOM JESUS, 242, VILA MENCK, OSASCO - SP;Sim;Sim;6314;Finalizada OK;7/18/2025;TRANSTECH TRANSPORTES E LOGISTICA S.A.;16535295665/7 - OSASCO/7045;7/29/2025;ENTREGUE SL - 25/07/2025;;
815640;18/07/2025;18/07/2025;MERCADO BONUS LTDA;316.36;RUA SEBASTIAO ADVINCULA DA CUNHA, S/N, JARDIM ELEDY, SAO PAULO - SP;Sim;Sim;6313;Finalizada OK;7/18/2025;TRANSTECH TRANSPORTES E LOGISTICA S.A.;16535295649/8 - ITAPECERICA/8010;7/23/2025;ENTREGUE SL - 22/07/2025;;
815688;18/07/2025;18/07/2025;MERCADO A VILLA;1,422.43;R RUA CEMBIRA, 879, SAO MIGUEL PAULISTA, SAO PAULO - SP;Sim;Sim;6348;Finalizada OK;7/18/2025;LOGOS LOGISTICA E TRANSPORTES PLANEJADOS LTDA.;16535295579/6 - ITAQUA/6102;7/29/2025;ENTREGUE SL - 25/07/2025;;
815721;18/07/2025;18/07/2025;PADARIA , MINIMERCADO E SACOLAO BAHIA;307.31;ALAMEDA CARLOS MARCHAIS, 17, PARQUE DO LAGO, SAO PAULO - SP;Sim;Sim;6340;Finalizada OK;7/21/2025;TRANSTECH TRANSPORTES E LOGISTICA S.A.;16535295649/8 - ITAPECERICA/8014;7/28/2025;ENTREGUE SL - 24/07/2025;;
815722;18/07/2025;18/07/2025;COMERCIAL LISBOA;2,911.18;Av TENENTE LAUDELINO FERREIRA DO AMARAL, 170, VILA JACUI, SAO PAULO - SP;Sim;Sim;6345;Finalizada OK;7/21/2025;LOGOS LOGISTICA E TRANSPORTES PLANEJADOS LTDA.;16535295579/6 - ITAQUA/6106;7/29/2025;ENTREGUE SL - 25/07/2025;;
815793;18/07/2025;18/07/2025;MERCADINHO BOM GOSTO;318.33;SIMAO DA MATA, 312, VILA GUARANI, SAO PAULO - SP;Sim;Sim;6338;Finalizada OK;7/21/2025;TRANSTECH TRANSPORTES E LOGISTICA S.A.;16535295649/8 - ITAPECERICA/8116;7/28/2025;ENTREGUE SL - 24/07/2025;;
815795;18/07/2025;18/07/2025;MERCADO PARAISO;538.92;;Sim;Sim;6336;Finalizada OK;7/21/2025;TRANSTECH TRANSPORTES E LOGISTICA S.A.;16535295664/0 - S J R PRET/4;7/28/2025;;;Onde está a mercadoria?
815885;19/07/2025;19/07/2025;MDA ADEGA E MERCADO LTDA;348.36;RUA JOSE SERRA, 18, JARDIM DAS FLORES, SAO PAULO - SP;Sim;Não;6341;Finalizada OK;7/21/2025;TRANSTECH TRANSPORTES E LOGISTICA S.A.;16535295649/8 - ITAPECERICA/8014;7/28/2025;ENTREGUE SL - 24/07/2025;;
815889;19/07/2025;19/07/2025;RONAEL PEREIRA DA SILVA 08471984563;345.69;Rua Guaicuri, 125, CIDADE JULIA, SAO PAULO - SP;Sim;Sim;6335;Finalizada OK;7/21/2025;LOGOS LOGISTICA E TRANSPORTES PLANEJADOS LTDA.;16535295579/12 - S BERNARD/1218;08/04/2025;EM ROTA;;Mercadoria atrasada. Validar com Bruno
815905;19/07/2025;19/07/2025;SUPERMERCADO GABRIELA LTDA;394.68;Sem AVENIDA ALBERTO RUFFOLO, 222, VILA ANITA COSTA, JANDIRA - SP;Sim;Sim;6344;Finalizada OK;7/21/2025;TRANSTECH TRANSPORTES E LOGISTICA S.A.;16535295665/7 - OSASCO/7021;7/29/2025;ENTREGUE SL - 29/07/2025;;
815980;19/07/2025;19/07/2025;CASA DE CARNES SIQUEIRA;2,084.94;Av-Cont AVENIDA GETULIO VARGAS, 706, CALMON VIANA, POA - SP;Sim;Sim;6334;Finalizada OK;7/21/2025;FPA DA SILVA  TRANSPORTES;16535295579/6 - ITAQUA/6122;7/28/2025;EM ROTA;;Não entregue. Estabelecimento fechado
815998;20/07/2025;20/07/2025;MERCADO DIAS;303.60;;Não;;;Cancelado;;TRANSTECH TRANSPORTES E LOGISTICA S.A.;16535295649/8 - ITAPECERICA/8116;;;;Cancelado. Não há produtos disponíveis
816019;20/07/2025;20/07/2025;EBA MERCADO;837.89;R RUA PRESIDENTE COSTA E SILVA, 1097, JARDIM HELENA MARIA, OSASCO - SP;Sim;Sim;6342;Finalizada OK;7/21/2025;TRANSTECH TRANSPORTES E LOGISTICA S.A.;16535295665/7 - OSASCO/7045;7/29/2025;ENTREGUE SL - 25/07/2025;;
816064;20/07/2025;20/07/2025;GP PANORAMA MERCADO LTDA;330.48;R RUA PANORAMA, 345, JARDIM SANTO EDUARDO, EMBU DAS ARTES - SP;Sim;Sim;6337;Finalizada OK;7/21/2025;TRANSTECH TRANSPORTES E LOGISTICA S.A.;16535295649/8 - ITAPECERICA/8000;7/28/2025;ENTREGUE SL - 24/07/2025;;
816072;20/07/2025;20/07/2025;GOLD PRIME SUPERMERCADO LTDA;638.88;Av-Cont AVENIDA CASA VERDE, 360, CASA VERDE, SAO PAULO - SP;Sim;Sim;6347;Finalizada OK;7/21/2025;LOGOS LOGISTICA E TRANSPORTES PLANEJADOS LTDA.;16535295579/6 - ITAQUA/6113;7/29/2025;EM ROTA;;
816081;20/07/2025;20/07/2025;VIVIANE OLIVEIRA DA SILVA 34990642864;331.16;ESTRADA SATURNINO PEREIRA, 248, CONJUNTO HABITACIONAL SANTA ETELVINA II, SAO PAULO - SP;Sim;Sim;6346;Finalizada OK;7/21/2025;LOGOS LOGISTICA E TRANSPORTES PLANEJADOS LTDA.;16535295579/6 - ITAQUA/6107;7/29/2025;ENTREGUE SL - 26/07/2025;;
816329;21/07/2025;21/07/2025;MERCADINHO BOM GOSTO;337.26;SIMAO DA MATA, 312, VILA GUARANI, SAO PAULO - SP;Sim;Sim;6339;Finalizada OK;7/21/2025;TRANSTECH TRANSPORTES E LOGISTICA S.A.;16535295649/8 - ITAPECERICA/8116;7/28/2025;ENTREGUE SL - 24/07/2025;;
816422;21/07/2025;21/07/2025;EMPORIO PACHECO;346.36;;Sim;Sim;6343;Finalizada OK;7/21/2025;LOGOS LOGISTICA E TRANSPORTES PLANEJADOS LTDA.;16535295579/6 - JAÇANÃ/6115;;;;Sem registros no comprovei
818012;21/07/2025;21/07/2025;MERCADO BANDEIRANTES;334.24;;Sim;Sim;6371;Finalizada OK;7/24/2025;ANTONIO CANDIDO DE OLIVEIRA LTDA;16530763164/14 - ATIBAIA/9904;;;;Ver com Cândido / Sara
818315;21/07/2025;21/07/2025;MONICA GOMES;669.51;;Sim;Sim;6373;Finalizada OK;7/24/2025;ANTONIO CANDIDO DE OLIVEIRA LTDA;16530763164/14 - ATIBAIA/9905;;;;Ver com Cândido / Sara
818365;21/07/2025;21/07/2025;MENOR PRECO;319.44;;Sim;Sim;6369;Finalizada OK;7/24/2025;LOGOS LOGISTICA E TRANSPORTES PLANEJADOS LTDA.;16535295579/12 - S BERNARD/1200;08/06/2025;EM ROTA;;
818412;21/07/2025;21/07/2025;MERCEARIA GALLEGO;355.68;;Cancelado;;;Cancelado;;ANTONIO CANDIDO DE OLIVEIRA LTDA;16535295649/5 - SUMARE/5005;;;;Cancelado. Não há produtos disponíveis
818825;22/07/2025;22/07/2025;SAFIRA SUPERMERCADO;356.40;;Cancelado;;;Cancelado;;TRANSTECH TRANSPORTES E LOGISTICA S.A.;16535295649/8 - ITAPECERICA/8116;;;;Cancelado. Não há produtos disponíveis
818968;22/07/2025;22/07/2025;MERCADO O MAIS BARATO LTDA;535.18;;Sim;Sim;6366;Finalizada OK;7/24/2025;TRANSTECH TRANSPORTES E LOGISTICA S.A.;16535295665/7 - OSASCO/7052;08/05/2025;EM ROTA;;
819464;22/07/2025;22/07/2025;MERCADINHO DO CEARA;317.32;;Sim;Sim;6362;Finalizada OK;7/24/2025;LOGOS LOGISTICA E TRANSPORTES PLANEJADOS LTDA.;16535295579/12 - S BERNARD/1218;;;;Sem registros no comprovei. Bruno validar
819504;22/07/2025;22/07/2025;MERCADO VEM;836.99;;Sim;Sim;6361;Finalizada OK;7/24/2025;FPA DA SILVA  TRANSPORTES;16535295579/6 - JAÇANÃ/6118;08/05/2025;EM ROTA;;
819583;22/07/2025;22/07/2025;DOM SALUTIS FAMER MARKET;323.64;;Sim;Sim;6353;Finalizada OK;7/24/2025;TRANSTECH TRANSPORTES E LOGISTICA S.A.;16535295649/8 - ITAPECERICA/8011;07/04/2025;EM ROTA;;Sem registros no comprovei
819650;22/07/2025;22/07/2025;27.973.679 VANESSA DA SILVA CONCEICAO;527.46;;Sim;Sim;6363;Finalizada OK;7/24/2025;LOGOS LOGISTICA E TRANSPORTES PLANEJADOS LTDA.;16535295579/12 - S BERNARD/1207;08/06/2025;EM ROTA;;
819684;22/07/2025;22/07/2025;MERCADO 3 IRMAOS;323.64;;Sim;Sim;6354;Finalizada OK;7/24/2025;ANTONIO CANDIDO DE OLIVEIRA LTDA;16530763164/14 - ATIBAIA/9905;;;;Ver com Cândido / Sara
819697;22/07/2025;22/07/2025;MINI MARKET LH2;494.45;;Sim;Sim;6357;Finalizada OK;7/24/2025;TRANSTECH TRANSPORTES E LOGISTICA S.A.;16535295654/24 - SOROCABA/2470;;;;Sem registros no comprovei. Bruno validar
819721;22/07/2025;22/07/2025;SUPERMAXX;323.64;;Sim;Sim;6352;Finalizada OK;7/24/2025;ANTONIO CANDIDO DE OLIVEIRA LTDA;16535295649/5 - SUMARE/5009;;;;Ver com Cândido / Sara
819834;23/07/2025;23/07/2025;COMERCIAL LISBOA;1,565.19;;Sim;Sim;6360;Finalizada OK;7/24/2025;LOGOS LOGISTICA E TRANSPORTES PLANEJADOS LTDA.;16535295579/6 - ITAQUA/6106;;;;Sem registros no comprovei. Bruno validar
819871;23/07/2025;23/07/2025;RB MINIMERCADO SOCIEDADE UNIPESSOAL LTDA;485.46;;Sim;Sim;6351;Finalizada OK;7/24/2025;LOGOS LOGISTICA E TRANSPORTES PLANEJADOS LTDA.;16535295579/12 - S BERNARD/1212;08/06/2025;EM ROTA;;
820053;23/07/2025;23/07/2025;BOLSAO COMERCIO DE PRODUTOS ALIMENTICIOS LTDA;1,798.80;;Sim;Sim;6356;Finalizada OK;7/24/2025;ANTONIO CANDIDO DE OLIVEIRA LTDA;16535295649/5 - SUMARE/5011;;;;Ver com Cândido / Sara
820072;23/07/2025;23/07/2025;TIETE SUPERMERCADOS - TIRADENTES LJ2;348.48;;Sim;Sim;6359;Finalizada OK;7/24/2025;LOGOS LOGISTICA E TRANSPORTES PLANEJADOS LTDA.;16535295579/6 - ITAQUA/6103;;;;Sem registros no comprovei. Bruno validar
820147;23/07/2025;23/07/2025;MIKAMI & ZENJI MERCEARIA LTDA;837.12;;Sim;Sim;6355;Finalizada OK;7/24/2025;ANTONIO CANDIDO DE OLIVEIRA LTDA;16530763164/14 - ATIBAIA/9906;;;;Ver com Cândido / Sara
820202;23/07/2025;23/07/2025;F H L ENOVACAO SUPERMECADO;635.40;;Sim;Sim;6364;Finalizada OK;7/24/2025;TRANSTECH TRANSPORTES E LOGISTICA S.A.;16535295665/7 - OSASCO/7031;08/05/2025;EM ROTA;;
820292;23/07/2025;23/07/2025;GOMES MINIMERCADO;485.46;;Sim;Sim;6350;Finalizada OK;7/24/2025;LOGOS LOGISTICA E TRANSPORTES PLANEJADOS LTDA.;16535295579/12 - S BERNARD/1212;;;;Sem registros no comprovei. Bruno validar
820620;24/07/2025;24/07/2025;MERCADO E ADEGA LEVE MAIS;341.62;;Sim;Sim;6358;Finalizada OK;7/24/2025;LOGOS LOGISTICA E TRANSPORTES PLANEJADOS LTDA.;16535295579/12 - S BERNARD/1201;08/06/2025;EM ROTA;;
821049;24/07/2025;24/07/2025;SUPERMERCADO TENTACAO;304.75;;Cancelado;;;Cancelado;;TRANSTECH TRANSPORTES E LOGISTICA S.A.;16535295665/7 - OSASCO/7043;;;;Cancelado. Não há produtos disponíveis
821113;7/24/2025;7/24/2025;SEMPRE - SOLUCOES EM SUPRIMENTOS LTDA;341.62;;Sim;Sim;6368;Finalizada OK;7/24/2025;LOGOS LOGISTICA E TRANSPORTES PLANEJADOS LTDA.;16535295579/6 - ITAQUA/6112;08/06/2025;;;Aguardando envio
821115;7/24/2025;7/24/2025;F H L ENOVACAO SUPERMECADO;341.62;;Sim;Sim;6367;Finalizada OK;7/24/2025;TRANSTECH TRANSPORTES E LOGISTICA S.A.;16535295665/7 - OSASCO/7031;08/05/2025;EM ROTA;;
821125;7/24/2025;7/24/2025;HUANG XUEMEI;300.72;;Sim;Sim;6374;Finalizada OK;7/24/2025;LOGOS LOGISTICA E TRANSPORTES PLANEJADOS LTDA.;16535295579/6 - ITAQUA/6110;08/06/2025;EM ROTA;;
821143;7/24/2025;7/24/2025;MERCADINHO BOM GOSTO;647.28;;Não;Sim;6383;Finalizada OK;7/24/2025;TRANSTECH TRANSPORTES E LOGISTICA S.A.;16535295649/8 - ITAPECERICA/8116;08/05/2025;EM ROTA;;
821145;7/24/2025;7/24/2025;MERCADO VILA BUARQUE;817.90;;Sim;Sim;6376;Finalizada OK;7/28/2025;TRANSTECH TRANSPORTES E LOGISTICA S.A.;16535295649/8 - ITAPECERICA/8116;08/05/2025;EM ROTA;;
821163;7/25/2025;7/25/2025;MERCADO DIAS;868.66;;Sim;Sim;6393;Finalizada OK;7/29/2025;TRANSTECH TRANSPORTES E LOGISTICA S.A.;16535295649/8 - ITAPECERICA/8116;08/05/2025;ENTREGUE SL - 01/08/2025;;Aguardando envio
821177;7/25/2025;7/25/2025;SUPERMERCADOS IMPACTO;508.52;;Cancelado;;;Cancelado;;TRANSTECH TRANSPORTES E LOGISTICA S.A.;16535295665/7 - OSASCO/7099;;;;Cancelado. Não há produtos disponíveis
821178;7/25/2025;7/25/2025;SUPERMERCADOS IMPACTO;526.22;;Cancelado;;;Cancelado;;TRANSTECH TRANSPORTES E LOGISTICA S.A.;16535295665/7 - OSASCO/7097;;;;Cancelado. Não há produtos disponíveis
821195;7/25/2025;7/25/2025;JOSE C DA SILVA MINIMERCADO;475.75;;Sim;Sim;6375;Finalizada OK;7/28/2025;LOGOS LOGISTICA E TRANSPORTES PLANEJADOS LTDA.;16535295579/6 - ITAQUA/6124;08/06/2025;EM ROTA;;
821196;7/25/2025;7/25/2025;COMERCIO RD;330.60;;Cancelado;;;Cancelado;;LOGOS LOGISTICA E TRANSPORTES PLANEJADOS LTDA.;16535295579/12 - S BERNARD/1218;;;;Cancelado. Não há produtos disponíveis
821200;7/25/2025;7/25/2025;EMPORIO DAS FESTAS;906.66;;Cancelado;;;Cancelado;;LOGOS LOGISTICA E TRANSPORTES PLANEJADOS LTDA.;16535295579/12 - S BERNARD/1218;;;;Cancelado. Não há produtos disponíveis
821369;7/25/2025;7/25/2025;EMPORIO RT CARVALHO LTDA;649.68;;Sim;Sim;6376;Finalizada OK;7/28/2025;FPA DA SILVA  TRANSPORTES;16535295579/6 - ITAQUA/6117;08/05/2025;EM ROTA;;
821430;7/25/2025;7/25/2025;SAMPATACADO DE GENEROS ALIMENTICIOS  E BEBIDAS LTDA;365.52;;Sim;Sim;6398;Finalizada OK;7/31/2025;TRANSTECH TRANSPORTES E LOGISTICA S.A.;16535295665/7 - OSASCO/7093;08/06/2025;EM ROTA;;
821433;7/25/2025;7/25/2025;TXS DISTRIBUICAO E MERCANTIL DE ALIMENTOS LTDA;357.00;;Sim;Sim;6378;Finalizada OK;7/28/2025;TRANSTECH TRANSPORTES E LOGISTICA S.A.;16535295649/8 - ITAPECERICA/8116;08/05/2025;ENTREGUE SL - 01/08/2025;;Aguardando envio
821435;7/25/2025;7/25/2025;EMPORIO BRASILEIRO;323.64;;Cancelado;;;Cancelado;;LOGOS LOGISTICA E TRANSPORTES PLANEJADOS LTDA.;16535295579/6 - ITAQUA/6112;;;;Cancelado. Não há produtos disponíveis
821436;7/25/2025;7/25/2025;E. S. DOS SANTOS COMERCIO;647.28;;Sim;Sim;6384;Finalizada OK;7/30/2025;LOGOS LOGISTICA E TRANSPORTES PLANEJADOS LTDA.;16535295579/12 - S BERNARD/1207;08/06/2025;EM ROTA;;
821439;7/26/2025;7/26/2025;JOSE C. AIRES-QUITANDA;854.05;;Sim;Sim;6382;Finalizada OK;7/30/2025;ANTONIO CANDIDO DE OLIVEIRA LTDA;16530763164/14 - ATIBAIA/9904;;;;Ver com Cândido / Sara
821447;7/26/2025;7/26/2025;MERCADINHO COQUEIRO;980.88;;Sim;Sim;6394;Finalizada OK;;LOGOS LOGISTICA E TRANSPORTES PLANEJADOS LTDA.;16535295579/12 - S BERNARD/1218;08/06/2025;EM ROTA;;
821474;7/26/2025;7/26/2025;YUXIN MERCADOS LTDA;487.86;;Sim;Sim;6395;Finalizada OK;7/30/2025;LOGOS LOGISTICA E TRANSPORTES PLANEJADOS LTDA.;16535295579/12 - S BERNARD/1210;08/06/2025;EM ROTA;;
821809;7/28/2025;7/28/2025;DONA LENA;376.44;;Sim;Sim;6391;Finalizada OK;7/30/2025;LOGOS LOGISTICA E TRANSPORTES PLANEJADOS LTDA.;16535295579/12 - S BERNARD/1218;08/06/2025;EM ROTA;;
821822;7/28/2025;7/28/2025;X.P MERCADINHO HORTIFRUTI;606.72;;Sim;Sim;6385;Finalizada OK;7/30/2025;TRANSTECH TRANSPORTES E LOGISTICA S.A.;16535295649/8 - ITAPECERICA/8013;08/05/2025;SEM ROTA;;
821948;7/28/2025;7/28/2025;RLAZIN COMERCIO DE PRODUTOS ALIMENTICIOS E TRANSPORTES;303.75;;Cancelado;;;Cancelado;;TRANSTECH TRANSPORTES E LOGISTICA S.A.;16535295665/7 - OSASCO/7002;;;;Cancelado. Não há produtos disponíveis
822161;7/28/2025;7/28/2025;A BARCA CONVENIENCIA;302.04;;Sim;Não;6390;Finalizada OK;7/30/2025;TRANSTECH TRANSPORTES E LOGISTICA S.A.;16535295665/7 - OSASCO/7096;;;;Sem registros no comprovei. Bruno validar
822242;7/28/2025;7/28/2025;MERCADINHO BOM GOSTO;338.94;;Sim;Sim;6387;Finalizada OK;7/30/2025;TRANSTECH TRANSPORTES E LOGISTICA S.A.;16535295649/8 - ITAPECERICA/8116;08/05/2025;SEM ROTA;;
822288;7/29/2025;7/29/2025;REAL SANTOS;457.92;;Sim;Sim;6388;Finalizada OK;7/30/2025;TRANSTECH TRANSPORTES E LOGISTICA S.A.;16535295649/8 - ITAPECERICA/8014;08/05/2025;SEM ROTA;;
822302;7/29/2025;7/29/2025;PADARIA , MINIMERCADO E SACOLAO BAHIA;419.34;;Sim;Sim;6389;Finalizada OK;7/30/2025;TRANSTECH TRANSPORTES E LOGISTICA S.A.;16535295649/8 - ITAPECERICA/8014;08/05/2025;SEM ROTA;;
822321;7/29/2025;7/29/2025;LOPES SILVA MINIMERCADO;353.97;;Sim;Sim;6386;Finalizada OK;7/30/2025;LOGOS LOGISTICA E TRANSPORTES PLANEJADOS LTDA.;16535295579/6 - JAÇANÃ/6106;;;;Sem registros no comprovei. Bruno validar
822347;7/29/2025;7/29/2025;MUNDO UAU VARIEDADES;1,145.10;;Sim;Não;6400;Finalizada OK;7/31/2025;LOGOS LOGISTICA E TRANSPORTES PLANEJADOS LTDA.;16535295579/12 - S BERNARD/1218;;;;
822348;7/29/2025;7/29/2025;MUNDO UAU VARIEDADES;386.01;;Sim;Não;6401;Finalizada OK;7/31/2025;LOGOS LOGISTICA E TRANSPORTES PLANEJADOS LTDA.;16535295579/12 - S BERNARD/1218;;;;
822395;7/29/2025;7/29/2025;BOM PALADAR;2,977.71;;Sim;Sim;6399;Finalizada OK;7/31/2025;LOGOS LOGISTICA E TRANSPORTES PLANEJADOS LTDA.;16535295579/6 - ITAQUA/6124;;;;
822529;7/29/2025;7/29/2025;CSP SATO SUPERMERCADO LTDA;926.06;;Sim;Não;6403;Finalizada OK;7/31/2025;TRANSTECH TRANSPORTES E LOGISTICA S.A.;16535295665/7 - OSASCO/7052;;;;
822564;7/29/2025;7/29/2025;PANIFICADORA MERCADO E LANCHONETE CAROLINA LTDA;381.36;;Sim;Não;6404;Finalizada OK;7/31/2025;TRANSTECH TRANSPORTES E LOGISTICA S.A.;16535295665/7 - OSASCO/7030;;;;Aguardando Faturamento
822623;7/30/2025;7/30/2025;GIDEAO SUPERMERCADOS;862.26;;Sim;Sim;6402;Finalizada OK;7/31/2025;TRANSTECH TRANSPORTES E LOGISTICA S.A.;16535295665/7 - OSASCO/7099;;;;
822629;7/30/2025;7/30/2025;SUPERMERCADO PARAISO;656.27;;Sim;Sim;6410;Finalizada OK;7/31/2025;ANTONIO CANDIDO DE OLIVEIRA LTDA;16530763164/14 - ATIBAIA/9904;;;;Aguardando Faturamento
822781;7/30/2025;7/30/2025;HORTIFRUTI UNIAO;495.36;;Sim;Sim;6408;Finalizada OK;7/31/2025;TRANSTECH TRANSPORTES E LOGISTICA S.A.;16535295649/8 - ITAPECERICA/8113;;;;Aguardando Faturamento
822782;7/30/2025;7/30/2025;MERCADO ACOUGUE E PADARIA LEVE MAIS E PAGUE MENOS LTDA;473.85;;Sim;Sim;6406;Finalizada OK;7/31/2025;LOGOS LOGISTICA E TRANSPORTES PLANEJADOS LTDA.;16535295579/6 - ITAQUA/6104;;;;Aguardando Faturamento
822880;7/31/2025;7/31/2025;BYCKS COMERCIO & DISTRIBUICAO LTDA;359.64;;Sim;Não;6409;Finalizada OK;7/31/2025;TRANSTECH TRANSPORTES E LOGISTICA S.A.;16535295665/7 - OSASCO/7052;;;;
822892;7/31/2025;7/31/2025;MERCADO O MAIS BARATO LTDA;379.14;;Sim;Sim;6407;Finalizada OK;7/31/2025;TRANSTECH TRANSPORTES E LOGISTICA S.A.;16535295665/7 - OSASCO/7052;;;;
822923;7/31/2025;7/31/2025;MERCADINHO DO NEY;355.00;;Sim;Sim;6405;Finalizada OK;7/31/2025;TRANSTECH TRANSPORTES E LOGISTICA S.A.;16535295664/4 - S. J. CAMPOS/4013;;;;
822980;7/31/2025;7/31/2025;PRECO LEVE;776.18;;Sim;Sim;6412;Finalizada OK;08/01/2025;TRANSTECH TRANSPORTES E LOGISTICA S.A.;16535295665/7 - OSASCO/7043;;;;
822995;7/31/2025;7/31/2025;JULIO CESAR PROFETA 96793155687;402.36;;Sim;Sim;6411;Finalizada OK;08/01/2025;LOGOS LOGISTICA E TRANSPORTES PLANEJADOS LTDA.;16535295579/6 - JAÇANÃ/6106;;;;
823162;08/01/2025;08/01/2025;EMPORIO PACHECO;490.94;;Não;;;Aguardando Faturamento;;LOGOS LOGISTICA E TRANSPORTES PLANEJADOS LTDA.;16535295579/6 - JAÇANÃ/6115;;;;
823175;08/01/2025;08/01/2025;MERCADO HAPPY FAMILIA;378.75;;Não;;;Aguardando Faturamento;;LOGOS LOGISTICA E TRANSPORTES PLANEJADOS LTDA.;16535295579/6 - ITAQUA/6110;;;;
823225;08/01/2025;08/01/2025;SUPERMERCADOS IMPACTO;392.94;;Não;;;Aguardando Faturamento;;TRANSTECH TRANSPORTES E LOGISTICA S.A.;16535295665/7 - OSASCO/7099;;;;
823238;08/01/2025;08/01/2025;SUPERMERCADOS IMPACTO;381.60;;Não;;;Aguardando Faturamento;;TRANSTECH TRANSPORTES E LOGISTICA S.A.;16535295665/7 - OSASCO/7097;;;;
823349;08/01/2025;08/01/2025;MINI MERCADO AIMORES;453.69;;Não;;;Aguardando Faturamento;;LOGOS LOGISTICA E TRANSPORTES PLANEJADOS LTDA.;16535295579/12 - S BERNARD/1202;;;;
